category,skill,chapter_number,chapter_title_candidate,difficulty_candidate,item_count_candidate,merge_status,ours_title,other_title,ours_count,other_count,validation_status,validation_note
Preflop,Preflop Hand Selection,1.0,Hand Strength Fundamentals,Beginner,7/7,match,Hand Strength Fundamentals,Hand Strength Fundamentals,7/7,7/7,unvalidated_or_prior,
Preflop,Preflop Hand Selection,2.0,Hand Categories and Their Value,Beginner,7/7,match,Hand Categories and Their Value,Hand Categories and Their Value,7/7,7/7,unvalidated_or_prior,
Preflop,Preflop Hand Selection,3.0,Position and Its Impact,Beginner,7/7,match,Position and Its Impact,Position and Its Impact,7/7,7/7,unvalidated_or_prior,
Preflop,Preflop Hand Selection,4.0,Reading Opening Range Charts,Beginner,11/11,match,Reading Opening Range Charts,Reading Opening Range Charts,11/11,11/11,unvalidated_or_prior,
Preflop,Preflop Hand Selection,5.0,Adjusting to Action Before You,Intermediate,7/7,match,Adjusting to Action Before You,Adjusting to Action Before You,7/7,7/7,unvalidated_or_prior,
Preflop,Preflop Hand Selection,6.0,3-Betting Fundamentals,Intermediate,8/8,match,3-Betting Fundamentals,3-Betting Fundamentals,8/8,8/8,unvalidated_or_prior,
Preflop,Preflop Hand Selection,7.0,Big Blind Defense,Intermediate,7/7,match,Big Blind Defense,Big Blind Defense,7/7,7/7,unvalidated_or_prior,
Preflop,Preflop Hand Selection,8.0,Combinatorics and Range Construction,Advanced,8/8,match,Combinatorics and Range Construction,Combinatorics and Range Construction,8/8,8/8,unvalidated_or_prior,
Preflop,Preflop Hand Selection,9.0,Stack Depth and SPR,Advanced,8/8,match,Stack Depth and SPR,Stack Depth and SPR,8/8,8/8,unvalidated_or_prior,
Preflop,Preflop Hand Selection,10.0,Multiway Equity Shifts,Advanced,7/7,match,Multiway Equity Shifts,Multiway Equity Shifts,7/7,7/7,unvalidated_or_prior,
Preflop,Preflop Hand Selection,11.0,Preflop Decisions in Session,Advanced,0/10 current progress; 10 items,count_filled_or_normalized_from_other,Preflop Decisions in Session,Preflop Decisions in Session,0/10 current progress; 10 items,0/10,unvalidated_or_prior,
Preflop,3-Betting,1.0,What Is a 3-Bet?,Beginner,0/8,match,What Is a 3-Bet?,What is a 3-Bet?,0/8,0/8,unvalidated_or_prior,
Preflop,3-Betting,2.0,Why 3-Bet?,Beginner,0/10,match,Why 3-Bet?,Why 3-Bet?,0/10,0/10,unvalidated_or_prior,
Preflop,3-Betting,3.0,Balance: Why You Can't Only 3-Bet Premiums,Beginner,0/11,match,Balance: Why You Can't Only 3-Bet Premiums,Balance: Why You Can't Only 3-Bet Premiums,0/11,0/11,unvalidated_or_prior,
Preflop,3-Betting,4.0,Linear vs Polarized Ranges,Intermediate,0/11,match,Linear vs Polarized Ranges,Linear vs Polarized Ranges,0/11,0/11,unvalidated_or_prior,
Preflop,3-Betting,5.0,Sizing Your 3-Bet,Intermediate,0/11,match,Sizing Your 3-Bet,Sizing Your 3-Bet,0/11,0/11,unvalidated_or_prior,
Preflop,3-Betting,6.0,Picking Bluffs: Blockers and Playability,Intermediate,0/12,match,Picking Bluffs: Blockers and Playability,Picking Bluffs: Blockers and Playability,0/12,0/12,unvalidated_or_prior,
Preflop,3-Betting,7.0,The Squeeze,Advanced,0/11,match,The Squeeze,The Squeeze,0/11,0/11,unvalidated_or_prior,
Preflop,3-Betting,8.0,Exploitative Adjustments,Advanced,0/14,match,Exploitative Adjustments,Exploitative Adjustments,0/14,0/14,unvalidated_or_prior,
Preflop,3-Betting,9.0,Combinatorics and Combo Selection,Advanced,0/11,match,Combinatorics and Combo Selection,Combinatorics and Combo Selection,0/11,0/11,unvalidated_or_prior,
Preflop,3-Betting,10.0,MDF and Minimum Defense,Advanced,0/12,match,MDF and Minimum Defense,MDF and Minimum Defense,0/12,0/12,unvalidated_or_prior,
Preflop,3-Betting,11.0,Stack Depth and Range Construction,Advanced,0/16,match,Stack Depth and Range Construction,Stack Depth and Range Construction,0/16,0/16,unvalidated_or_prior,
Preflop,Facing a 3-Bet,1.0,What a 3-Bet Is and Your Three Options,Beginner,0/7,match,What a 3-Bet Is and Your Three Options,What a 3-Bet Is and Your Three Options,0/7,0/7,unvalidated_or_prior,
Preflop,Facing a 3-Bet,2.0,In Position vs Out of Position vs the 3-Bettor,Beginner,0/7,match,In Position vs Out of Position vs the 3-Bettor,In Position vs Out of Position vs the 3-Bettor,0/7,0/7,unvalidated_or_prior,
Preflop,Facing a 3-Bet,3.0,Pot Odds and the Equity You Need,Beginner,0/7,match,Pot Odds and the Equity You Need,Pot Odds and the Equity You Need,0/7,0/7,unvalidated_or_prior,
Preflop,Facing a 3-Bet,4.0,Building Your Fold / Call / 4-Bet Range,Intermediate,0/8,match,Building Your Fold / Call / 4-Bet Range,Building Your Fold / Call / 4-Bet Range,0/8,0/8,unvalidated_or_prior,
Preflop,Facing a 3-Bet,5.0,4-Bet Sizing,Intermediate,0/6,match,4-Bet Sizing,4-Bet Sizing,0/6,0/6,unvalidated_or_prior,
Preflop,Facing a 3-Bet,6.0,Cold-Calling a 3-Bet,Intermediate,0/6,match,Cold-Calling a 3-Bet,Cold-Calling a 3-Bet,0/6,0/6,unvalidated_or_prior,
Preflop,Facing a 3-Bet,7.0,Playing 3-Bet Pots After the Flop,Intermediate,0/8,match,Playing 3-Bet Pots After the Flop,Playing 3-Bet Pots After the Flop,0/8,0/8,unvalidated_or_prior,
Preflop,Facing a 3-Bet,8.0,Exploitative Adjustments vs the 3-Bettor,Intermediate,0/7,match,Exploitative Adjustments vs the 3-Bettor,Exploitative Adjustments vs the 3-Bettor,0/7,0/7,unvalidated_or_prior,
Preflop,Facing a 3-Bet,9.0,Combinatorics and Polarization: Choosing Value and Bluffs,Advanced,0/9,match,Combinatorics and Polarization: Choosing Value and Bluffs,Combinatorics and Polarization: Choosing Value and Bluffs,0/9,0/9,unvalidated_or_prior,
Preflop,Facing a 3-Bet,10.0,"MDF, Break-Even Bluffs, and Defending Enough",Advanced,0/8,match,"MDF, Break-Even Bluffs, and Defending Enough","MDF, Break-Even Bluffs, and Defending Enough",0/8,0/8,unvalidated_or_prior,
Preflop,Facing a 3-Bet,11.0,"Stack Depth and SPR: Short, Standard, and Deep",Advanced,0/8,match,"Stack Depth and SPR: Short, Standard, and Deep","Stack Depth and SPR: Short, Standard, and Deep",0/8,0/8,unvalidated_or_prior,
Preflop,Facing a 3-Bet,12.0,"Walkthrough: Live 9-Max, Facing a 3-Bet With A♥K♦",Advanced,0/11,minor_title_normalization,"Walkthrough: Live 9-Max, Facing a 3-Bet With A♥K♦","Walkthrough: Live 9-Max, Facing a 3-Bet With Ah Kh",0/11,0/11,unvalidated_or_prior,
Preflop,4-Betting,,4-Betting Lesson Coming Soon,Coming soon,0 drills,match,4-Betting Lesson Coming Soon,4-Betting Lesson Coming Soon,0 drills,0 drills,unvalidated_or_prior,
Preflop,Blind Defense,1.0,The Blinds and Why You Defend Them,Beginner,0/7,match,The Blinds and Why You Defend Them,The Blinds and Why You Defend Them,0/7,0/7,unvalidated_or_prior,
Preflop,Blind Defense,2.0,The Price to Call: Pot Odds in the Big Blind,Beginner,0/6,match,The Price to Call: Pot Odds in the Big Blind,The Price to Call: Pot Odds in the Big Blind,0/6,0/6,unvalidated_or_prior,
Preflop,Blind Defense,3.0,"You Are Out of Position: Defend, Do Not Over-Defend",Beginner,0/7,match,"You Are Out of Position: Defend, Do Not Over-Defend","You Are Out of Position: Defend, Do Not Over-Defend",0/7,0/7,unvalidated_or_prior,
Preflop,Blind Defense,4.0,Who Raised Matters: Defending by Position,Intermediate,0/7,match,Who Raised Matters: Defending by Position,Who Raised Matters: Defending by Position,0/7,0/7,unvalidated_or_prior,
Preflop,Blind Defense,5.0,Call or 3-Bet From the Big Blind,Intermediate,0/7,match,Call or 3-Bet From the Big Blind,Call or 3-Bet From the Big Blind,0/7,0/7,unvalidated_or_prior,
Preflop,Blind Defense,6.0,"Sizing, Limpers, and Multiway Pots",Intermediate,0/7,match,"Sizing, Limpers, and Multiway Pots","Sizing, Limpers, and Multiway Pots",0/7,0/7,unvalidated_or_prior,
Preflop,Blind Defense,7.0,Defending Your Small Blind,Intermediate,0/7,match,Defending Your Small Blind,Defending Your Small Blind,0/7,0/7,unvalidated_or_prior,
Preflop,Blind Defense,8.0,"Cash vs Tournaments: Rake, Antes, and the Bubble",Intermediate,0/7,match,"Cash vs Tournaments: Rake, Antes, and the Bubble","Cash vs Tournaments: Rake, Antes, and the Bubble",0/7,0/7,unvalidated_or_prior,
Preflop,Blind Defense,9.0,Playing the Flop After You Defend,Intermediate,0/8,match,Playing the Flop After You Defend,Playing the Flop After You Defend,0/8,0/8,unvalidated_or_prior,
Preflop,Blind Defense,10.0,"One Hand, Start to Finish: Defending Out of Position",Advanced,0/10,match,"One Hand, Start to Finish: Defending Out of Position","One Hand, Start to Finish: Defending Out of Position",0/10,0/10,unvalidated_or_prior,
Betting & Aggression,C-Betting,1.0,What Is a C-Bet?,Beginner,0/6,match,What Is a C-Bet?,What is a C-Bet?,0/6,0/6,unvalidated_or_prior,
Betting & Aggression,C-Betting,2.0,Why C-Bet? The Three Goals,Beginner,0/9,match,Why C-Bet? The Three Goals,Why C-Bet? The Three Goals,0/9,0/9,unvalidated_or_prior,
Betting & Aggression,C-Betting,3.0,Range Advantage and Board Texture,Intermediate,0/11,match,Range Advantage and Board Texture,Range Advantage and Board Texture,0/11,0/11,unvalidated_or_prior,
Betting & Aggression,C-Betting,4.0,In Position vs Out of Position,Intermediate,0/11,match,In Position vs Out of Position,In Position vs Out of Position,0/11,0/11,unvalidated_or_prior,
Betting & Aggression,C-Betting,5.0,Small C-Bets and the Range Bet,Intermediate,0/11,match,Small C-Bets and the Range Bet,Small C-Bets and the Range Bet,0/11,0/11,unvalidated_or_prior,
Betting & Aggression,C-Betting,6.0,Big C-Bets and the Polarized Approach,Intermediate,0/11,match,Big C-Bets and the Polarized Approach,Big C-Bets and the Polarized Approach,0/11,0/11,unvalidated_or_prior,
Betting & Aggression,C-Betting,7.0,Multiway Pots,Intermediate,0/8,match,Multiway Pots,Multiway Pots,0/8,0/8,unvalidated_or_prior,
Betting & Aggression,C-Betting,8.0,Adjustments and Exploits,Intermediate,0/11,video_confirmed,Adjustments and Exploits,Adjustments and Exploits,0/11,0/11,confirmed_by_new_screenshot,Archive 4.zip screenshot validation
Betting & Aggression,C-Betting,9.0,Multi-Street Planning,Advanced,0/12,match,Multi-Street Planning,Multi-Street Planning,0/12,0/12,unvalidated_or_prior,
Betting & Aggression,C-Betting,10.0,Range Protection and Check Frequency,Advanced,0/12,match,Range Protection and Check Frequency,Range Protection and Check Frequency,0/12,0/12,unvalidated_or_prior,
Betting & Aggression,C-Betting,11.0,Beating Players Who C-Bet Too Much,Advanced,0/10,match,Beating Players Who C-Bet Too Much,Beating Players Who C-Bet Too Much,0/10,0/10,unvalidated_or_prior,
Betting & Aggression,Facing a C-Bet,1.0,What Is a C-Bet?,Beginner,0/7,match,What Is a C-Bet?,What is a C-Bet?,0/7,0/7,unvalidated_or_prior,
Betting & Aggression,Facing a C-Bet,2.0,Reading the Flop,Beginner,0/8,match,Reading the Flop,Reading the Flop,0/8,0/8,unvalidated_or_prior,
Betting & Aggression,Facing a C-Bet,3.0,"Fold, Call, or Raise",Beginner,0/7,match,"Fold, Call, or Raise","Fold, Call, or Raise",0/7,0/7,unvalidated_or_prior,
Betting & Aggression,Facing a C-Bet,4.0,Don't Fold Too Much,Beginner,0/6,match,Don't Fold Too Much,Don't Fold Too Much,0/6,0/6,unvalidated_or_prior,
Betting & Aggression,Facing a C-Bet,5.0,Reading Bet Sizes,Intermediate,0/8,match,Reading Bet Sizes,Reading Bet Sizes,0/8,0/8,unvalidated_or_prior,
Betting & Aggression,Facing a C-Bet,6.0,Defending Enough (MDF),Intermediate,0/8,match,Defending Enough (MDF),Defending Enough (MDF),0/8,0/8,unvalidated_or_prior,
Betting & Aggression,Facing a C-Bet,7.0,Picking the Right Hand to Call With,Intermediate,0/9,match,Picking the Right Hand to Call With,Picking the Right Hand to Call With,0/9,0/9,unvalidated_or_prior,
Betting & Aggression,Facing a C-Bet,8.0,Planning the Turn,Intermediate,0/8,match,Planning the Turn,Planning the Turn,0/8,0/8,unvalidated_or_prior,
Betting & Aggression,Facing a C-Bet,9.0,In Position vs Out of Position,Intermediate,0/8,match,In Position vs Out of Position,In Position vs Out of Position,0/8,0/8,unvalidated_or_prior,
Betting & Aggression,Facing a C-Bet,10.0,Building Your Defending Range,Advanced,0/9,match,Building Your Defending Range,Building Your Defending Range,0/9,0/9,unvalidated_or_prior,
Betting & Aggression,Facing a C-Bet,11.0,Beating Players Who C-Bet Too Much,Advanced,0/10,match,Beating Players Who C-Bet Too Much,Beating Players Who C-Bet Too Much,0/10,0/10,unvalidated_or_prior,
Betting & Aggression,Facing a C-Bet,12.0,Multiway and Short Stacks,Advanced,0/8,match,Multiway and Short Stacks,Multiway and Short Stacks,0/8,0/8,unvalidated_or_prior,
Betting & Aggression,Facing a C-Bet,13.0,Walkthrough: Facing a C-Bet,Advanced,0/13,match,Walkthrough: Facing a C-Bet,Walkthrough: Facing a C-Bet,0/13,0/13,unvalidated_or_prior,
Betting & Aggression,Check-Raising,1.0,What a Check-Raise Is and How It Works,Beginner,0/7,match,What a Check-Raise Is and How It Works,What a Check-Raise Is and How It Works,0/7,0/7,unvalidated_or_prior,
Betting & Aggression,Check-Raising,2.0,Value Check-Raises vs Semi-Bluff Check-Raises,Beginner,0/7,match,Value Check-Raises vs Semi-Bluff Check-Raises,Value Check-Raises vs Semi-Bluff Check-Raises,0/7,0/7,unvalidated_or_prior,
Betting & Aggression,Check-Raising,3.0,Check-Raise Sizing,Beginner,0/6,match,Check-Raise Sizing,Check-Raise Sizing,0/6,0/6,unvalidated_or_prior,
Betting & Aggression,Check-Raising,4.0,Choosing Which Hands to Check-Raise,Intermediate,0/7,match,Choosing Which Hands to Check-Raise,Choosing Which Hands to Check-Raise,0/7,0/7,unvalidated_or_prior,
Betting & Aggression,Check-Raising,5.0,Board Texture and Range Advantage,Intermediate,0/7,match,Board Texture and Range Advantage,Board Texture and Range Advantage,0/7,0/7,unvalidated_or_prior,
Betting & Aggression,Check-Raising,6.0,"Balancing Check-Raise, Check-Call, and Check-Fold",Intermediate,0/7,match,"Balancing Check-Raise, Check-Call, and Check-Fold","Balancing Check-Raise, Check-Call, and Check-Fold",0/7,0/7,unvalidated_or_prior,
Betting & Aggression,Check-Raising,7.0,Check-Raising on the Turn and River,Intermediate,0/7,match,Check-Raising on the Turn and River,Check-Raising on the Turn and River,0/7,0/7,unvalidated_or_prior,
Betting & Aggression,Check-Raising,8.0,The Math: MDF and Value-to-Bluff Ratios,Advanced,0/9,match,The Math: MDF and Value-to-Bluff Ratios,The Math: MDF and Value-to-Bluff Ratios,0/9,0/9,unvalidated_or_prior,
Betting & Aggression,Check-Raising,9.0,"SPR, Stack Depth, and Check-Raising",Advanced,0/8,title_conflict_needs_video_check,"SPR, Stack Depth, and Check-Raising","SPR, Stack Depth, and Check-Raising One Pair",0/8,0/8,unvalidated_or_prior,
Betting & Aggression,Check-Raising,10.0,"Solver Frequencies, Indifference, and Turn Barreling",Advanced,0/8,video_confirmed,"Solver Frequencies, Indifference, and Turn Barreling","Solver Frequencies, Indifference, and Turn Barreling",0/8,0/8,confirmed_by_new_screenshot,Archive 4.zip screenshot validation
Betting & Aggression,Check-Raising,11.0,Multiway and Exploitative Check-Raising,Advanced,0/8,video_confirmed,Multiway and Exploitative Check-Raising,Multiway and Exploitative Check-Raising,0/8,0/8,confirmed_by_new_screenshot,Archive 4.zip screenshot validation
Betting & Aggression,Check-Raising,12.0,Walkthrough: A Check-Raise That Works From Flop to River,Advanced,0/10,video_confirmed,Walkthrough: A Check-Raise That Works From Flop to River,,0/10,,confirmed_by_new_screenshot,Archive 4.zip screenshot validation
Betting & Aggression,Facing a Check-Raise,1.0,What a Check-Raise Is and Why It Happens,Beginner,0/7,match,What a Check-Raise Is and Why It Happens,What a Check-Raise Is and Why It Happens,0/7,0/7,unvalidated_or_prior,
Betting & Aggression,Facing a Check-Raise,2.0,"Your Three Responses: Fold, Call, Re-Raise",Beginner,0/7,match,"Your Three Responses: Fold, Call, Re-Raise","Your Three Responses: Fold, Call, Re-Raise",0/7,0/7,unvalidated_or_prior,
Betting & Aggression,Facing a Check-Raise,3.0,Reading the Check-Raise: Polarized vs Merged,Intermediate,0/7,video_confirmed,Reading the Check-Raise: Polarized vs Merged,Reading the Check-Raise: Polarized vs Merged,0/7,0/6,confirmed_by_new_screenshot,Archive 4.zip screenshot validation
Betting & Aggression,Facing a Check-Raise,4.0,Building Your Continuing Range,Intermediate,0/7,match,Building Your Continuing Range,Building Your Continuing Range,0/7,0/7,unvalidated_or_prior,
Betting & Aggression,Facing a Check-Raise,5.0,How Board Texture Shifts the Decision,Intermediate,0/7,match,How Board Texture Shifts the Decision,How Board Texture Shifts the Decision,0/7,0/7,unvalidated_or_prior,
Betting & Aggression,Facing a Check-Raise,6.0,"Flop, Turn, and River Check-Raises",Intermediate,0/7,match,"Flop, Turn, and River Check-Raises","Flop, Turn, and River Check-Raises",0/7,0/7,unvalidated_or_prior,
Betting & Aggression,Facing a Check-Raise,7.0,The Price When You Call,Intermediate,0/6,video_confirmed,The Price When You Call,The Price When You Call,0/6,0/6,confirmed_by_new_screenshot,Archive 4.zip screenshot validation
Betting & Aggression,Facing a Check-Raise,8.0,Minimum Defense Frequency and Exploitative Deviations,Advanced,0/8,video_confirmed,Minimum Defense Frequency and Exploitative Deviations,Minimum Defense Frequency and Exploitative Deviations,0/8,0/8,confirmed_by_new_screenshot,Archive 4.zip screenshot validation
Betting & Aggression,Facing a Check-Raise,9.0,Re-Raising the Check-Raise: Blockers and Combos,Advanced,0/7,video_confirmed,Re-Raising the Check-Raise: Blockers and Combos,Re-Raising the Check-Raise: Blockers and Combos,0/7,0/7,confirmed_by_new_screenshot,Archive 4.zip screenshot validation
Betting & Aggression,Facing a Check-Raise,10.0,SPR and Stack-Off Thresholds,Advanced,0/7,video_confirmed,SPR and Stack-Off Thresholds,SPR and Stack-Off Thresholds,0/7,0/7,confirmed_by_new_screenshot,Archive 4.zip screenshot validation
Betting & Aggression,Facing a Check-Raise,11.0,Walkthrough: Facing a Check-Raise,Advanced,0/10,video_confirmed,Walkthrough: Facing a Check-Raise,Walkthrough: Facing a Check-Raise,0/10,0/7,confirmed_by_new_screenshot,Archive 4.zip screenshot validation
Betting & Aggression,Probe Betting,1.0,What a Probe Bet Is,Beginner,0/7,match,What a Probe Bet Is,What a Probe Bet Is,0/7,0/7,unvalidated_or_prior,
Betting & Aggression,Probe Betting,2.0,Why a Check-Back Caps the Range,Beginner,0/7,match,Why a Check-Back Caps the Range,Why a Check-Back Caps the Range,0/7,0/7,unvalidated_or_prior,
Betting & Aggression,Probe Betting,3.0,Reading the Turn Card,Intermediate,0/7,match,Reading the Turn Card,Reading the Turn Card,0/7,0/7,unvalidated_or_prior,
Betting & Aggression,Probe Betting,4.0,Sizing Your Probe Bets,Intermediate,0/6,match,Sizing Your Probe Bets,Sizing Your Probe Bets,0/6,0/6,unvalidated_or_prior,
Betting & Aggression,Probe Betting,5.0,Building Your Probing Range,Intermediate,0/7,match,Building Your Probing Range,Building Your Probing Range,0/7,0/7,unvalidated_or_prior,
Betting & Aggression,Probe Betting,6.0,Check-Raise Instead of Probe,Intermediate,0/6,match,Check-Raise Instead of Probe,Check-Raise Instead of Probe,0/6,0/6,unvalidated_or_prior,
Betting & Aggression,Probe Betting,7.0,Nuts Advantage vs Equity Advantage,Advanced,0/7,match,Nuts Advantage vs Equity Advantage,Nuts Advantage vs Equity Advantage,0/7,0/7,unvalidated_or_prior,
Betting & Aggression,Probe Betting,8.0,"Paired, Monotone, and Tricky Textures",Advanced,0/6,match,"Paired, Monotone, and Tricky Textures","Paired, Monotone, and Tricky Textures",0/6,0/6,unvalidated_or_prior,
Betting & Aggression,Probe Betting,9.0,Playing the River After You Probe,Advanced,0/7,match,Playing the River After You Probe,Playing the River After You Probe,0/7,0/7,unvalidated_or_prior,
Betting & Aggression,Probe Betting,10.0,Walkthrough: Probing the Turn and Barreling the River,Advanced,0/10,match,Walkthrough: Probing the Turn and Barreling the River,Walkthrough: Probing the Turn And Barreling the River,0/10,0/10,unvalidated_or_prior,
Betting & Aggression,Bet Sizing,1.0,What a Bet Does,Beginner,0/11,match,What a Bet Does,What a Bet Does,0/11,0/11,unvalidated_or_prior,
Betting & Aggression,Bet Sizing,2.0,One Size for Your Range,Beginner,0/9,match,One Size for Your Range,One Size For Your Range,0/9,0/9,unvalidated_or_prior,
Betting & Aggression,Bet Sizing,3.0,Preflop Sizing,Beginner,0/16,match,Preflop Sizing,Preflop Sizing,0/16,0/16,unvalidated_or_prior,
Betting & Aggression,Bet Sizing,4.0,The Math of a Bet,Intermediate,0/12,match,The Math of a Bet,The Math of a Bet,0/12,0/12,unvalidated_or_prior,
Betting & Aggression,Bet Sizing,5.0,Flop Sizing,Intermediate,0/13,match,Flop Sizing,Flop Sizing,0/13,0/13,unvalidated_or_prior,
Betting & Aggression,Bet Sizing,6.0,SPR and Planning,Intermediate,0/13,match,SPR and Planning,SPR and Planning,0/13,0/13,unvalidated_or_prior,
Betting & Aggression,Bet Sizing,7.0,Turn and River,Intermediate,0/14,match,Turn and River,Turn and River,0/14,0/14,unvalidated_or_prior,
Betting & Aggression,Bet Sizing,8.0,Overbets,Advanced,0/13,match,Overbets,Overbets,0/13,0/13,unvalidated_or_prior,
Betting & Aggression,Bet Sizing,9.0,Multiway and Stack Depth,Advanced,0/12,match,Multiway and Stack Depth,Multiway and Stack Depth,0/12,0/12,unvalidated_or_prior,
Betting & Aggression,Bet Sizing,10.0,Exploitative Sizing,Advanced,0/12,match,Exploitative Sizing,Exploitative Sizing,0/12,0/12,unvalidated_or_prior,
Betting & Aggression,Value Betting,1.0,What Is a Value Bet?,Beginner,0/9,match,What Is a Value Bet?,What Is a Value Bet?,0/9,0/9,unvalidated_or_prior,
Betting & Aggression,Value Betting,2.0,Reading When You're Ahead,Beginner,0/8,match,Reading When You're Ahead,Reading When You're Ahead,0/8,0/8,unvalidated_or_prior,
Betting & Aggression,Value Betting,3.0,Sizing for Value,Intermediate,0/9,match,Sizing for Value,Sizing for Value,0/9,0/9,unvalidated_or_prior,
Betting & Aggression,Value Betting,4.0,Value vs Protection,Intermediate,0/10,match,Value vs Protection,Value vs Protection,0/10,0/10,unvalidated_or_prior,
Betting & Aggression,Value Betting,5.0,Thin Value,Intermediate,0/9,match,Thin Value,Thin Value,0/9,0/9,unvalidated_or_prior,
Betting & Aggression,Value Betting,6.0,Planning Value Across Streets,Intermediate,0/9,match,Planning Value Across Streets,Planning Value Across Streets,0/9,0/9,unvalidated_or_prior,
Betting & Aggression,Value Betting,7.0,Polarized vs Merged Value,Advanced,0/10,match,Polarized vs Merged Value,Polarized vs Merged Value,0/10,0/10,unvalidated_or_prior,
Betting & Aggression,Value Betting,8.0,Blockers and Value,Advanced,0/9,match,Blockers and Value,Blockers and Value,0/9,0/9,unvalidated_or_prior,
Betting & Aggression,Value Betting,9.0,River Decisions,Advanced,0/9,title_conflict_needs_video_check;count_filled_or_normalized_from_other,River Decisions / When Value?,River Decisions,unknown,0/9,unvalidated_or_prior,
Betting & Aggression,Value Betting,10.0,When Value Becomes Bluff,Advanced,0/8,other_only_fills_gap_needs_validation,,When Value Becomes Bluff,,0/8,unvalidated_or_prior,
Betting & Aggression,Bluffing,1.0,What Is a Bluff?,Beginner,0/8,match,What Is a Bluff?,What Is a Bluff?,0/8,0/8,unvalidated_or_prior,
Betting & Aggression,Bluffing,2.0,Pure Bluffs vs Semi-Bluffs,Beginner,0/10,match,Pure Bluffs vs Semi-Bluffs,Pure Bluffs vs Semi-Bluffs,0/10,0/10,unvalidated_or_prior,
Betting & Aggression,Bluffing,3.0,Bluffing Equity Across Streets,Intermediate,0/9,video_confirmed,Bluffing Equity Across Streets,Bluffing Equity Across Streets,0/9,0/9,confirmed_by_new_screenshot,Archive 4.zip screenshot validation
Betting & Aggression,Bluffing,4.0,Balanced Bluff Frequency,Intermediate,0/10,video_confirmed,Balanced Bluff Frequency,Balanced Bluff Frequency,0/10,0/10,confirmed_by_new_screenshot,Archive 4.zip screenshot validation
Betting & Aggression,Bluffing,5.0,Choosing Bluff Hands,Intermediate,0/10,video_confirmed,Choosing Bluff Hands,Choosing Bluff Hands,0/10,0/7,confirmed_by_new_screenshot,Archive 4.zip screenshot validation
Betting & Aggression,Bluffing,6.0,Multi-Street Bluffs,Intermediate,0/10,video_confirmed,Multi-Street Bluffs,Multi-Street Bluffs,0/10,0/10,confirmed_by_new_screenshot,Archive 4.zip screenshot validation
Betting & Aggression,Bluffing,7.0,River Bluffs,Advanced,0/11,match,River Bluffs,River Bluffs,0/11,0/11,unvalidated_or_prior,
Betting & Aggression,Bluffing,8.0,River Blockers,Advanced,0/11,match,River Blockers,River Blockers,0/11,0/11,unvalidated_or_prior,
Betting & Aggression,Bluffing,9.0,Exploitative Bluffing,Advanced,0/10,match,Exploitative Bluffing,Exploitative Bluffing,0/10,0/10,unvalidated_or_prior,
Defense & Response,Bluff Catching,1.0,What Is a Bluff Catcher,Beginner,0/7,match,What Is a Bluff Catcher,What Is a Bluff Catcher,0/7,0/7,unvalidated_or_prior,
Defense & Response,Bluff Catching,2.0,Pot Odds and Required Equity,Beginner,0/7,match,Pot Odds and Required Equity,Pot Odds and Required Equity,0/7,0/7,unvalidated_or_prior,
Defense & Response,Bluff Catching,3.0,Minimum Defense Frequency,Intermediate,0/7,match,Minimum Defense Frequency,Minimum Defense Frequency,0/7,0/7,unvalidated_or_prior,
Defense & Response,Bluff Catching,4.0,Bet Sizing as Information,Intermediate,0/7,match,Bet Sizing as Information,Bet Sizing as Information,0/7,0/7,unvalidated_or_prior,
Defense & Response,Bluff Catching,5.0,Board Texture and Bluff Frequency,Intermediate,0/7,match,Board Texture and Bluff Frequency,Board Texture and Bluff Frequency,0/7,0/7,unvalidated_or_prior,
Defense & Response,Bluff Catching,6.0,Blockers and Unblockers,Intermediate,0/7,match,Blockers and Unblockers,Blockers and Unblockers,0/7,0/7,unvalidated_or_prior,
Defense & Response,Bluff Catching,7.0,Combinatorics for Bluff Catchers,Advanced,0/7,match,Combinatorics for Bluff Catchers,Combinatorics for Bluff Catchers,0/7,0/7,unvalidated_or_prior,
Defense & Response,Bluff Catching,8.0,Exploitative Bluff Catching,Advanced,0/7,match,Exploitative Bluff Catching,Exploitative Bluff Catching,0/7,0/7,unvalidated_or_prior,
Defense & Response,Bluff Catching,9.0,Multiway Pots and ICM Pressure,Advanced,0/7,match,Multiway Pots and ICM Pressure,Multiway Pots and ICM Pressure,0/7,0/7,unvalidated_or_prior,
Defense & Response,Bluff Catching,10.0,Bluff Catching Across Three Streets,Advanced,0/9,count_filled_or_normalized_from_other,Bluff Catching Across Three Streets,Bluff Catching Across Three Streets,unknown,0/9,unvalidated_or_prior,
Defense & Response,Pot Control,1.0,What Pot Control Is,Beginner,0/6,match,What Pot Control Is,What Pot Control Is,0/6,0/6,unvalidated_or_prior,
Defense & Response,Pot Control,2.0,Why Pot Control Works,Beginner,0/6,match,Why Pot Control Works,Why Pot Control Works,0/6,0/6,unvalidated_or_prior,
Defense & Response,Pot Control,3.0,The Three Pot Control Actions,Beginner,0/6,match,The Three Pot Control Actions,The Three Pot Control Actions,0/6,0/6,unvalidated_or_prior,
Defense & Response,Pot Control,4.0,In Position vs Out of Position,Intermediate,0/7,match,In Position vs Out of Position,In Position vs Out of Position,0/7,0/7,unvalidated_or_prior,
Defense & Response,Pot Control,5.0,The Showdown Value Test,Intermediate,0/6,match,The Showdown Value Test,The Showdown Value Test,0/6,0/6,unvalidated_or_prior,
Defense & Response,Pot Control,6.0,Wet Boards and Protection Bets,Intermediate,0/7,match,Wet Boards and Protection Bets,Wet Boards and Protection Bets,0/7,0/7,unvalidated_or_prior,
Defense & Response,Pot Control,7.0,SPR and Pot Control,Advanced,0/8,match,SPR and Pot Control,SPR and Pot Control,0/8,0/8,unvalidated_or_prior,
Defense & Response,Pot Control,8.0,Capping Your Range,Advanced,0/7,match,Capping Your Range,Capping Your Range,0/7,0/7,unvalidated_or_prior,
Defense & Response,Pot Control,9.0,Multiway Pot Control,Advanced,0/7,match,Multiway Pot Control,Multiway Pot Control,0/7,0/7,unvalidated_or_prior,
Defense & Response,Pot Control,10.0,Exploitative Pot Control,Intermediate,0/7,difficulty_filled_from_other;count_filled_or_normalized_from_other,Exploitative Pot Control,Exploitative Pot Control,unknown,0/7,unvalidated_or_prior,
Math & Theory,Pot Odds,1.0,What Pot Odds Are,Beginner,0/7,match,What Pot Odds Are,What Pot Odds Are,0/7,0/7,unvalidated_or_prior,
Math & Theory,Pot Odds,2.0,From Price to Required Equity,Beginner,0/8,match,From Price to Required Equity,From Price to Required Equity,0/8,0/8,unvalidated_or_prior,
Math & Theory,Pot Odds,3.0,Required Equity for Common Bet Sizes,Beginner,0/6,match,Required Equity for Common Bet Sizes,Required Equity for Common Bet Sizes,0/6,0/6,unvalidated_or_prior,
Math & Theory,Pot Odds,4.0,Drawing Hands: Outs and Pot Odds,Intermediate,0/10,match,Drawing Hands: Outs and Pot Odds,Drawing Hands: Outs and Pot Odds,0/10,0/10,unvalidated_or_prior,
Math & Theory,Pot Odds,5.0,Bluff-Catching with Pot Odds,Intermediate,0/8,match,Bluff-Catching with Pot Odds,Bluff-Catching With Pot Odds,0/8,0/8,unvalidated_or_prior,
Math & Theory,Pot Odds,6.0,Implied Odds,Intermediate,0/8,match,Implied Odds,Implied Odds,0/8,0/8,unvalidated_or_prior,
Math & Theory,Pot Odds,7.0,Reverse Implied Odds,Intermediate,0/7,match,Reverse Implied Odds,Reverse Implied Odds,0/7,0/7,unvalidated_or_prior,
Math & Theory,Pot Odds,8.0,Equity vs Pot Share: Why Pot Odds Aren't Enough,Advanced,0/10,match,Equity vs Pot Share: Why Pot Odds Aren't Enough,Equity vs Pot Share: Why Pot Odds Aren't Enough,0/10,0/10,unvalidated_or_prior,
Math & Theory,Pot Odds,9.0,The EV Behind Pot Odds,Advanced,0/9,match,The EV Behind Pot Odds,The EV Behind Pot Odds,0/9,0/9,unvalidated_or_prior,
Math & Theory,Pot Odds,10.0,The Price From the Other Seat: MDF and Bluff Frequency,Advanced,0/9,match,The Price From the Other Seat: MDF and Bluff Frequency,The Price From the Other Seat: MDF and Bluff Frequency,0/9,0/9,unvalidated_or_prior,
Math & Theory,Pot Odds,11.0,Walkthrough: A Combo Draw Across Four Streets,Advanced,0/11,match,Walkthrough: A Combo Draw Across Four Streets,Walkthrough: A Combo Draw Across Four Streets,0/11,0/11,unvalidated_or_prior,
Math & Theory,Implied Odds,1.0,Pot Odds Recap,Beginner,0/7,match,Pot Odds Recap,Pot Odds Recap,0/7,0/7,unvalidated_or_prior,
Math & Theory,Implied Odds,2.0,What Implied Odds Are,Beginner,0/7,match,What Implied Odds Are,What Implied Odds Are,0/7,0/7,unvalidated_or_prior,
Math & Theory,Implied Odds,3.0,When Implied Odds Exist (and When They Are an Illusion),Beginner,0/6,match,When Implied Odds Exist (and When They Are an Illusion),When Implied Odds Exist (and When They Are an Illusion),0/6,0/6,unvalidated_or_prior,
Math & Theory,Implied Odds,4.0,What Makes Implied Odds Big or Small,Intermediate,0/7,match,What Makes Implied Odds Big or Small,What Makes Implied Odds Big or Small,0/7,0/7,unvalidated_or_prior,
Math & Theory,Implied Odds,5.0,Reverse Implied Odds,Intermediate,0/6,match,Reverse Implied Odds,Reverse Implied Odds,0/6,0/6,unvalidated_or_prior,
Math & Theory,Implied Odds,6.0,Implied Odds by Draw Type,Intermediate,0/6,match,Implied Odds by Draw Type,Implied Odds by Draw Type,0/6,0/6,unvalidated_or_prior,
Math & Theory,Implied Odds,7.0,Set Mining,Intermediate,0/6,match,Set Mining,Set Mining,0/6,0/6,unvalidated_or_prior,
Math & Theory,Implied Odds,8.0,Calculating Implied Odds,Advanced,0/7,video_confirmed,Calculating Implied Odds,Calculating Implied Odds,0/7,0/7,confirmed_by_new_screenshot,Archive 4.zip screenshot validation
Math & Theory,Implied Odds,9.0,SPR and Stack Depth,Advanced,0/7,video_confirmed,SPR and Stack Depth,SPR and Stack Depth,0/7,0/7,confirmed_by_new_screenshot,Archive 4.zip screenshot validation
Math & Theory,Implied Odds,10.0,Implied Odds and Equity Realization,Advanced,0/7,video_confirmed,Implied Odds and Equity Realization,Implied Odds and Equity Realization,0/7,0/7,confirmed_by_new_screenshot,Archive 4.zip screenshot validation
Math & Theory,Implied Odds,11.0,Walkthrough: Peeling a Draw on Implied Odds,Advanced,0/10,video_confirmed,Walkthrough: Peeling a Draw on Implied Odds,Walkthrough: Peeling a Draw on Implied Odds,0/10,0/7,confirmed_by_new_screenshot,Archive 4.zip screenshot validation
Math & Theory,Reverse Implied Odds,1.0,"Reverse Implied Odds, Defined",Beginner,0/7,match,"Reverse Implied Odds, Defined","Reverse Implied Odds, Defined",0/7,0/7,unvalidated_or_prior,
Math & Theory,Reverse Implied Odds,2.0,The Hands That Carry Reverse Implied Odds,Beginner,0/7,match,The Hands That Carry Reverse Implied Odds,The Hands That Carry Reverse Implied Odds,0/7,0/7,unvalidated_or_prior,
Math & Theory,Reverse Implied Odds,3.0,What Makes Reverse Implied Odds Bigger or Smaller,Intermediate,0/7,match,What Makes Reverse Implied Odds Bigger or Smaller,What Makes Reverse Implied Odds Bigger or Smaller,0/7,0/7,unvalidated_or_prior,
Math & Theory,Reverse Implied Odds,4.0,Adjusting Your Play for Reverse Implied Odds,Intermediate,0/6,match,Adjusting Your Play for Reverse Implied Odds,Adjusting Your Play For Reverse Implied Odds,0/6,0/6,unvalidated_or_prior,
Math & Theory,Reverse Implied Odds,5.0,Preflop Reverse Implied Odds: Domination,Intermediate,0/6,match,Preflop Reverse Implied Odds: Domination,Preflop Reverse Implied Odds: Domination,0/6,0/6,unvalidated_or_prior,
Math & Theory,Reverse Implied Odds,6.0,Putting Numbers on Reverse Implied Odds,Intermediate,0/8,difficulty_conflict_needs_video_check,Putting Numbers on Reverse Implied Odds,Putting Numbers on Reverse Implied Odds,0/8,0/8,unvalidated_or_prior,
Math & Theory,Reverse Implied Odds,7.0,"Way Ahead, Way Behind, and SPR",Advanced,0/7,match,"Way Ahead, Way Behind, and SPR","Way Ahead, Way Behind, and SPR",0/7,0/7,unvalidated_or_prior,
Math & Theory,Reverse Implied Odds,8.0,Reverse Implied Odds as Equity Realization,Advanced,0/7,match,Reverse Implied Odds as Equity Realization,Reverse Implied Odds as Equity Realization,0/7,0/7,unvalidated_or_prior,
Math & Theory,Reverse Implied Odds,9.0,Walkthrough: The Wrong End of the Straight,Advanced,0/11,match,Walkthrough: The Wrong End of the Straight,Walkthrough: The Wrong End of the Straight,0/11,0/11,unvalidated_or_prior,
Math & Theory,Combinatorics,,Combinatorics Lesson Coming Soon,Coming soon,0 drills,match,Combinatorics Lesson Coming Soon,Combinatorics Lesson Coming Soon,0 drills,0 drills,unvalidated_or_prior,
Math & Theory,Equity Realization,,Equity Realization Lesson Coming Soon,Coming soon,0 drills,match,Equity Realization Lesson Coming Soon,Equity Realization Lesson Coming Soon,0 drills,0 drills,unvalidated_or_prior,
Math & Theory,Stack-to-Pot Ratio (SPR),1.0,What SPR Is and How to Calculate It,Beginner,0/7,match,What SPR Is and How to Calculate It,What SPR Is and How to Calculate It,0/7,0/7,unvalidated_or_prior,
Math & Theory,Stack-to-Pot Ratio (SPR),2.0,Hand Strength Is Relative to SPR,Beginner,0/6,match,Hand Strength Is Relative to SPR,Hand Strength is Relative to SPR,0/6,0/6,unvalidated_or_prior,
Math & Theory,Stack-to-Pot Ratio (SPR),3.0,"The SPR Buckets: What Stacks Off at Low, Medium, and High",Beginner,0/6,match,"The SPR Buckets: What Stacks Off at Low, Medium, and High","The SPR Buckets: What Stacks Off at Low, Medium, and High",0/6,0/6,unvalidated_or_prior,
Math & Theory,Stack-to-Pot Ratio (SPR),4.0,How Preflop Action Sets the Flop SPR,Intermediate,0/6,match,How Preflop Action Sets the Flop SPR,How Preflop Action Sets the Flop SPR,0/6,0/6,unvalidated_or_prior,
Math & Theory,Stack-to-Pot Ratio (SPR),5.0,Matching Your Hand to the SPR You Want,Intermediate,0/6,match,Matching Your Hand to the SPR You Want,Matching Your Hand to the SPR You Want,0/6,0/6,unvalidated_or_prior,
Math & Theory,Stack-to-Pot Ratio (SPR),6.0,Playing Low-SPR vs High-SPR Flops,Intermediate,0/7,match,Playing Low-SPR vs High-SPR Flops,Playing Low-SPR vs High-SPR Flops,0/7,0/7,unvalidated_or_prior,
Math & Theory,Stack-to-Pot Ratio (SPR),7.0,The Math Behind SPR: Required Equity and the Path to All-In,Advanced,0/8,video_confirmed,The Math Behind SPR: Required Equity and the Path to All-In,The Math Behind SPR: Required Equity and the Path to All-In,0/8,0/8,confirmed_by_new_screenshot,Archive 4.zip screenshot validation
Math & Theory,Stack-to-Pot Ratio (SPR),8.0,Robustness: Why Draws Beat Marginal Made Hands as SPR Rises,Advanced,0/6,video_confirmed,Robustness: Why Draws Beat Marginal Made Hands as SPR Rises,Robustness: Why Draws Beat Marginal Made Hands as SPR Rises,0/6,0/6,confirmed_by_new_screenshot,Archive 4.zip screenshot validation
Math & Theory,Stack-to-Pot Ratio (SPR),9.0,SPR in Multiway Pots,Advanced,0/6,video_confirmed,SPR in Multiway Pots,SPR in Multiway Pots,0/6,0/6,confirmed_by_new_screenshot,Archive 4.zip screenshot validation
Math & Theory,Stack-to-Pot Ratio (SPR),10.0,Walkthrough: One SPR Runs the Whole Hand,Advanced,0/10,video_confirmed,Walkthrough: One SPR Runs the Whole Hand,Walkthrough: One SPR Runs the Whole Hand,0/10,0/8,confirmed_by_new_screenshot,Archive 4.zip screenshot validation
Math & Theory,Outs and Equity,1.0,What Is an Out,Beginner,0/6,match,What Is an Out,What is an Out,0/6,0/6,unvalidated_or_prior,
Math & Theory,Outs and Equity,2.0,Counting Your Outs,Beginner,0/7,match,Counting Your Outs,Counting Your Outs,0/7,0/7,unvalidated_or_prior,
Math & Theory,Outs and Equity,3.0,What Is Equity,Beginner,0/6,match,What Is Equity,What is Equity,0/6,0/6,unvalidated_or_prior,
Math & Theory,Outs and Equity,4.0,The Rule of 4 and 2,Beginner,0/7,match,The Rule of 4 and 2,The Rule of 4 and 2,0/7,0/7,unvalidated_or_prior,
Math & Theory,Outs and Equity,5.0,Discounting Dirty Outs,Intermediate,0/6,match,Discounting Dirty Outs,Discounting Dirty Outs,0/6,0/6,unvalidated_or_prior,
Math & Theory,Outs and Equity,6.0,Equity vs Pot Odds,Intermediate,0/8,match,Equity vs Pot Odds,Equity vs Pot Odds,0/8,0/8,unvalidated_or_prior,
Math & Theory,Outs and Equity,7.0,Implied and Reverse Implied Odds,Intermediate,0/7,match,Implied and Reverse Implied Odds,Implied and Reverse Implied Odds,0/7,0/7,unvalidated_or_prior,
Math & Theory,Outs and Equity,8.0,Equity Realization,Advanced,0/10,match,Equity Realization,Equity Realization,0/10,0/10,unvalidated_or_prior,
Math & Theory,Outs and Equity,9.0,Range vs Range Equity,Advanced,0/10,match,Range vs Range Equity,Range vs Range Equity,0/10,0/10,unvalidated_or_prior,
Math & Theory,Outs and Equity,10.0,Exact Draw Math,Advanced,0/8,match,Exact Draw Math,Exact Draw Math,0/8,0/8,unvalidated_or_prior,
Math & Theory,Outs and Equity,11.0,Chasing the Nut Flush Draw,Advanced,0/10,match,Chasing the Nut Flush Draw,Chasing the Nut Flush Draw,0/10,0/10,unvalidated_or_prior,
Hand Analysis & Decision Making,Hand Reading,1.0,Thinking in Ranges,Beginner,0/7,match,Thinking in Ranges,Thinking in Ranges,0/7,0/7,unvalidated_or_prior,
Hand Analysis & Decision Making,Hand Reading,2.0,Preflop Range Foundations,Beginner,0/7,match,Preflop Range Foundations,Preflop Range Foundations,0/7,0/7,unvalidated_or_prior,
Hand Analysis & Decision Making,Hand Reading,3.0,Narrowing Through the Streets,Beginner,0/7,match,Narrowing Through the Streets,Narrowing Through the Streets,0/7,0/7,unvalidated_or_prior,
Hand Analysis & Decision Making,Hand Reading,4.0,Board Texture and Range Interaction,Intermediate,0/8,match,Board Texture and Range Interaction,Board Texture and Range Interaction,0/8,0/8,unvalidated_or_prior,
Hand Analysis & Decision Making,Hand Reading,5.0,Combo Counting,Intermediate,0/7,match,Combo Counting,Combo Counting,0/7,0/7,unvalidated_or_prior,
Hand Analysis & Decision Making,Hand Reading,6.0,Bet Sizing as Information,Intermediate,0/8,match,Bet Sizing as Information,Bet Sizing as Information,0/8,0/8,unvalidated_or_prior,
Hand Analysis & Decision Making,Hand Reading,7.0,Capped vs. Uncapped Ranges,Advanced,0/8,difficulty_conflict_needs_video_check,Capped vs. Uncapped Ranges,Capped vs. Uncapped Ranges,0/8,0/8,unvalidated_or_prior,
Hand Analysis & Decision Making,Hand Reading,8.0,River Range Math,Advanced,0/9,match,River Range Math,River Range Math,0/9,0/9,unvalidated_or_prior,
Hand Analysis & Decision Making,Hand Reading,9.0,Multiway and Population Reads,Advanced,0/8,match,Multiway and Population Reads,Multiway and Population Reads,0/8,0/8,unvalidated_or_prior,
Hand Analysis & Decision Making,Blockers & Card Removal,1.0,What Is a Blocker?,Beginner,0/7,match,What Is a Blocker?,What is a Blocker?,0/7,0/7,unvalidated_or_prior,
Hand Analysis & Decision Making,Blockers & Card Removal,2.0,Counting Combinations,Beginner,0/8,match,Counting Combinations,Counting Combinations,0/8,0/8,unvalidated_or_prior,
Hand Analysis & Decision Making,Blockers & Card Removal,3.0,Blockers in Bluff Selection,Intermediate,0/7,count_filled_or_normalized_from_other,Blockers in Bluff Selection,Blockers in Bluff Selection,unknown,0/7,unvalidated_or_prior,
Hand Analysis & Decision Making,Blockers & Card Removal,4.0,Blockers in Bluff-Catching,Intermediate,0/7,match,Blockers in Bluff-Catching,Blockers in Bluff-Catching,0/7,0/7,unvalidated_or_prior,
Hand Analysis & Decision Making,Blockers & Card Removal,5.0,Unblockers: The Inverse Concept,Intermediate,0/6,match,Unblockers: The Inverse Concept,Unblockers: The Inverse Concept,0/6,0/6,unvalidated_or_prior,
Hand Analysis & Decision Making,Blockers & Card Removal,6.0,Preflop Blockers,Intermediate,0/7,count_filled_or_normalized_from_other,Preflop Blockers,Preflop Blockers,unknown,0/7,unvalidated_or_prior,
Hand Analysis & Decision Making,Blockers & Card Removal,7.0,River Solver Logic,Advanced,0/8,match,River Solver Logic,River Solver Logic,0/8,0/8,unvalidated_or_prior,
Hand Analysis & Decision Making,Blockers & Card Removal,8.0,Blockers vs Equity Tradeoff,Advanced,0/7,match,Blockers vs Equity Tradeoff,Blockers vs Equity Tradeoff,0/7,0/7,unvalidated_or_prior,
Hand Analysis & Decision Making,Blockers & Card Removal,9.0,Multiway and ICM Blocker Effects,Advanced,0/8,match,Multiway and ICM Blocker Effects,Multiway and ICM Blocker Effects,0/8,0/8,unvalidated_or_prior,
Hand Analysis & Decision Making,Blockers & Card Removal,10.0,Capstone: A Full Hand Through Blocker Logic,Advanced,0/11,match,Capstone: A Full Hand Through Blocker Logic,Capstone: A Full Hand Through Blocker Logic,0/11,0/11,unvalidated_or_prior,
Hand Analysis & Decision Making,Range Polarization,,Range Polarization Lesson Coming Soon,Coming soon,0 drills,match,Range Polarization Lesson Coming Soon,Range Polarization Lesson Coming Soon,0 drills,0 drills,unvalidated_or_prior,
Positional & Situational,In Position Play,1.0,"What ""In Position"" Actually Means",Beginner,0/6,match,"What ""In Position"" Actually Means","What ""In Position"" Actually Means",0/6,0/6,unvalidated_or_prior,
Positional & Situational,In Position Play,2.0,Who Acts When,Beginner,0/7,match,Who Acts When,Who Acts When,0/7,0/7,unvalidated_or_prior,
Positional & Situational,In Position Play,3.0,Why Position Is Worth Money,Beginner,0/7,match,Why Position Is Worth Money,Why Position is Worth Money,0/7,0/7,unvalidated_or_prior,
Positional & Situational,In Position Play,4.0,Position Sets Your Range,Intermediate,0/6,match,Position Sets Your Range,Position Sets Your Range,0/6,0/6,unvalidated_or_prior,
Positional & Situational,In Position Play,5.0,Playing In Position as the Aggressor,Intermediate,0/6,match,Playing In Position as the Aggressor,Playing In Position as the Aggressor,0/6,0/6,unvalidated_or_prior,
Positional & Situational,In Position Play,6.0,Playing In Position as the Caller,Intermediate,0/6,match,Playing In Position as the Caller,Playing In Position as the Caller,0/6,0/6,unvalidated_or_prior,
Positional & Situational,In Position Play,7.0,Equity Realization: The Number Behind Position,Advanced,0/7,match,Equity Realization: The Number Behind Position,Equity Realization: The Number Behind Position,0/7,0/7,unvalidated_or_prior,
Positional & Situational,In Position Play,8.0,In Position Against Two Callers,Advanced,0/7,match,In Position Against Two Callers,In Position Against Two Callers,0/7,0/7,unvalidated_or_prior,
Positional & Situational,In Position Play,9.0,Walkthrough: Playing a Button Hand Across Every Street,Advanced,0/11,match,Walkthrough: Playing a Button Hand Across Every Street,Walkthrough: Playing a Button Hand Across Every Street,0/11,0/11,unvalidated_or_prior,
Positional & Situational,Out of Position Play,1.0,What Out of Position Means,Beginner,0/7,match,What Out of Position Means,What Out of Position Means,0/7,0/7,unvalidated_or_prior,
Positional & Situational,Out of Position Play,2.0,The Disadvantages of Acting First,Beginner,0/7,match,The Disadvantages of Acting First,The Disadvantages of Acting First,0/7,0/7,unvalidated_or_prior,
Positional & Situational,Out of Position Play,3.0,Adjusting Your Ranges When You Will Be Out of Position,Beginner,0/8,match,Adjusting Your Ranges When You Will Be Out of Position,Adjusting Your Ranges When You Will Be Out of Position,0/8,0/8,unvalidated_or_prior,
Positional & Situational,Out of Position Play,4.0,Defending the Big Blind,Intermediate,0/8,match,Defending the Big Blind,Defending the Big Blind,0/8,0/8,unvalidated_or_prior,
Positional & Situational,Out of Position Play,5.0,C-Betting Out of Position as the Raiser,Intermediate,0/8,match,C-Betting Out of Position as the Raiser,C-Betting Out of Position as the Raiser,0/8,0/8,unvalidated_or_prior,
Positional & Situational,Out of Position Play,6.0,The Check-Raise,Intermediate,0/7,match,The Check-Raise,The Check-Raise,0/7,0/7,unvalidated_or_prior,
Positional & Situational,Out of Position Play,7.0,Bluff-Catching and Pot Control,Intermediate,0/7,title_conflict_needs_video_check,Bluff-Catching and Pot Control,Donk Betting and Leading Ranges,0/7,0/7,unvalidated_or_prior,
Positional & Situational,Out of Position Play,8.0,Range Advantage and Board Texture,Advanced,0/9,title_conflict_needs_video_check;difficulty_conflict_needs_video_check;count_conflict_needs_video_check,Range Advantage and Board Texture,Bluff-Catching and Pot Control,0/9,0/7,unvalidated_or_prior,
Positional & Situational,Out of Position Play,9.0,MDF and Bluff-Catching Math,Advanced,0/9,title_conflict_needs_video_check,MDF and Bluff-Catching Math,Range Advantage and Board Texture,0/9,0/9,unvalidated_or_prior,
Positional & Situational,Out of Position Play,10.0,SPR and Commitment Out of Position,Advanced,0/8,title_conflict_needs_video_check;count_conflict_needs_video_check,SPR and Commitment Out of Position,MDF and Bluff-Catching Math,0/8,0/9,unvalidated_or_prior,
Positional & Situational,Out of Position Play,11.0,A Hand Played From the Big Blind,Advanced,0/10,title_conflict_needs_video_check;count_conflict_needs_video_check,A Hand Played From the Big Blind,SPR and Commitment Out of Position,0/10,0/8,unvalidated_or_prior,
Positional & Situational,Out of Position Play,12.0,A Hand Played From the Big Blind,Advanced,0/10,other_only_fills_gap_needs_validation,,A Hand Played From the Big Blind,,0/10,unvalidated_or_prior,
Positional & Situational,Multiway Pot Strategy,1.0,What Makes Multiway Pots Different,Beginner,0/6,match,What Makes Multiway Pots Different,What Makes Multiway Pots Different,0/6,0/6,unvalidated_or_prior,
Positional & Situational,Multiway Pot Strategy,2.0,How Your Equity Splits,Beginner,0/7,match,How Your Equity Splits,How Your Equity Splits,0/7,0/7,unvalidated_or_prior,
Positional & Situational,Multiway Pot Strategy,3.0,Choosing Hands for Multiway Pots,Beginner,0/8,match,Choosing Hands for Multiway Pots,Choosing Hands for Multiway Pots,0/8,0/8,unvalidated_or_prior,
Positional & Situational,Multiway Pot Strategy,4.0,Why Bluffing and Range-Betting Break Down,Intermediate,0/7,match,Why Bluffing and Range-Betting Break Down,Why Bluffing and Range-Betting Break Down,0/7,0/7,unvalidated_or_prior,
Positional & Situational,Multiway Pot Strategy,5.0,C-Betting and Bet Sizing Multiway,Intermediate,0/8,match,C-Betting and Bet Sizing Multiway,C-Betting and Bet Sizing Multiway,0/8,0/8,unvalidated_or_prior,
Positional & Situational,Multiway Pot Strategy,6.0,"Drawing Hands, Nut Potential, and Implied Odds",Intermediate,0/8,match,"Drawing Hands, Nut Potential, and Implied Odds","Drawing Hands, Nut Potential, and Implied Odds",0/8,0/8,unvalidated_or_prior,
Positional & Situational,Multiway Pot Strategy,7.0,"The Combinatorics of ""Someone Hit This Board""",Advanced,0/8,title_conflict_needs_video_check;count_filled_or_normalized_from_other,Reading This Board / Multiway Board Texture,"The Combinatorics of ""Someone Hit This Board""",unknown,0/8,unvalidated_or_prior,
Positional & Situational,Multiway Pot Strategy,8.0,Shared Burden of Defense: MDF Multiway,Advanced,0/8,match,Shared Burden of Defense: MDF Multiway,Shared Burden of Defense: MDF Multiway,0/8,0/8,unvalidated_or_prior,
Positional & Situational,Multiway Pot Strategy,9.0,SPR and Commitment in Bloated Pots,Advanced,0/7,match,SPR and Commitment in Bloated Pots,SPR and Commitment in Bloated Pots,0/7,0/7,unvalidated_or_prior,
Positional & Situational,Multiway Pot Strategy,10.0,Walkthrough: A Nut Draw Through a Three-Way Pot,Advanced,0/10,match,Walkthrough: A Nut Draw Through a Three-Way Pot,Walkthrough: A Nut Draw Through a Three-Way Pot,0/10,0/10,unvalidated_or_prior,
Positional & Situational,Drawing Hand Strategy,1.0,What Is a Drawing Hand,Beginner,0/5,match,What Is a Drawing Hand,What is a Drawing Hand,0/5,0/5,unvalidated_or_prior,
Positional & Situational,Drawing Hand Strategy,2.0,Counting Outs and Estimating Equity,Beginner,0/7,match,Counting Outs and Estimating Equity,Counting Outs and Estimating Equity,0/7,0/7,unvalidated_or_prior,
Positional & Situational,Drawing Hand Strategy,3.0,Pot Odds: When to Call With a Draw,Beginner,0/6,match,Pot Odds: When to Call With a Draw,Pot Odds: When to Call With a Draw,0/6,0/6,unvalidated_or_prior,
Positional & Situational,Drawing Hand Strategy,4.0,Implied and Reverse Implied Odds,Intermediate,0/7,match,Implied and Reverse Implied Odds,Implied and Reverse Implied Odds,0/7,0/7,unvalidated_or_prior,
Positional & Situational,Drawing Hand Strategy,5.0,Semi-Bluffing With Draws,Intermediate,0/8,title_conflict_needs_video_check;count_conflict_needs_video_check,Semi-Bluffing With Draws,Preflop Setup: Small Pairs and Suited Connectors,0/8,0/7,unvalidated_or_prior,
Positional & Situational,Drawing Hand Strategy,6.0,Board Texture and Draw Strategy,Intermediate,0/8,title_conflict_needs_video_check,Board Texture and Draw Strategy,Semi-Bluffing With Draws,0/8,0/8,unvalidated_or_prior,
Positional & Situational,Drawing Hand Strategy,7.0,Backdoor Equity in Action,Intermediate,0/6,title_conflict_needs_video_check;count_conflict_needs_video_check,Backdoor Equity in Action,Board Texture and Draw Strategy,0/6,0/8,unvalidated_or_prior,
Positional & Situational,Drawing Hand Strategy,8.0,Combo Draws: The Math of 12+ Outs,Advanced,0/9,title_conflict_needs_video_check;difficulty_conflict_needs_video_check;count_conflict_needs_video_check,Combo Draws: The Math of 12+ Outs,Backdoor Equity in Action,0/9,0/6,unvalidated_or_prior,
Positional & Situational,Drawing Hand Strategy,9.0,Combo Draws: The Math of 12+ Outs,Advanced,0/9,title_conflict_needs_video_check;count_filled_or_normalized_from_other,Drawing in Multiway Pots,Combo Draws: The Math of 12+ Outs,unknown,0/9,unvalidated_or_prior,
Positional & Situational,Drawing Hand Strategy,10.0,Drawing in Multiway Pots,Advanced,0/7,count_filled_or_normalized_from_other,Drawing in Multiway Pots,Drawing in Multiway Pots,unknown,0/7,unvalidated_or_prior,
Positional & Situational,Drawing Hand Strategy,11.0,Blocker Effects With Draws and Missed Draws,Advanced,0/7,match,Blocker Effects With Draws and Missed Draws,Blocker Effects With Draws and Missed Draws,0/7,0/7,unvalidated_or_prior,
Positional & Situational,Drawing Hand Strategy,12.0,SPR and Drawing Decisions,Advanced,0/8,match,SPR and Drawing Decisions,SPR and Drawing Decisions,0/8,0/8,unvalidated_or_prior,
Tournament Strategy,Short Stack Tournament Strategy,,Short Stack Tournament Strategy Lesson Coming Soon,Coming soon,0 drills,match,Short Stack Tournament Strategy Lesson Coming Soon,Short Stack Tournament Strategy Lesson Coming Soon,0 drills,0 drills,unvalidated_or_prior,
Tournament Strategy,ICM & Tournament Pressure,1.0,What ICM Is,Beginner,0/7,video_confirmed,,What ICM Is,,0/7,confirmed_by_new_screenshot,Archive 4.zip IMG_7922-7924 confirmed ICM order/counts
Tournament Strategy,ICM & Tournament Pressure,2.0,Why Chips Lose Value,Beginner,0/7,video_confirmed,,Why Chips Lose Value,,0/7,confirmed_by_new_screenshot,Archive 4.zip IMG_7922-7924 confirmed ICM order/counts
Tournament Strategy,ICM & Tournament Pressure,3.0,Payout Structures and Pay Jumps,Beginner,0/7,video_confirmed,,Payout Structures and Pay Jumps,,0/7,confirmed_by_new_screenshot,Archive 4.zip IMG_7922-7924 confirmed ICM order/counts
Tournament Strategy,ICM & Tournament Pressure,4.0,The Money Bubble,Intermediate,0/7,video_confirmed,,The Money Bubble,,0/7,confirmed_by_new_screenshot,Archive 4.zip IMG_7922-7924 confirmed ICM order/counts
Tournament Strategy,ICM & Tournament Pressure,5.0,Risk Premium: Passing on Spots You Would Take for Chips,Intermediate,0/7,video_confirmed,,Risk Premium: Passing on Spots You Would Take for Chips,,0/7,confirmed_by_new_screenshot,Archive 4.zip IMG_7922-7924 confirmed ICM order/counts
Tournament Strategy,ICM & Tournament Pressure,6.0,Stack-Size Dynamics,Intermediate,0/7,video_confirmed,,Stack-Size Dynamics,,0/7,confirmed_by_new_screenshot,Archive 4.zip IMG_7922-7924 confirmed ICM order/counts
Tournament Strategy,ICM & Tournament Pressure,7.0,Quantifying Risk Premium,Advanced,0/7,video_confirmed,,Quantifying Risk Premium,,0/7,confirmed_by_new_screenshot,Archive 4.zip IMG_7922-7924 confirmed ICM order/counts
Tournament Strategy,ICM & Tournament Pressure,8.0,Final Table ICM and Pay-Jump Math,Advanced,0/7,video_confirmed,,Final Table ICM and Pay-Jump Math,,0/7,confirmed_by_new_screenshot,Archive 4.zip IMG_7922-7924 confirmed ICM order/counts
Tournament Strategy,ICM & Tournament Pressure,9.0,Satellites and Extreme ICM,Advanced,0/7,video_confirmed,,Satellites and Extreme ICM,,0/7,confirmed_by_new_screenshot,Archive 4.zip IMG_7922-7924 confirmed ICM order/counts
Tournament Strategy,ICM & Tournament Pressure,10.0,The Limits of ICM,Advanced,0/7,video_confirmed,,The Limits of ICM,,0/7,confirmed_by_new_screenshot,Archive 4.zip IMG_7922-7924 confirmed ICM order/counts
Tournament Strategy,ICM & Tournament Pressure,11.0,Walkthrough: Folding an Overpair on the Bubble,Advanced,0/10,video_confirmed,,Walkthrough: Folding an Overpair on the Bubble,,0/10,confirmed_by_new_screenshot,Archive 4.zip IMG_7922-7924 confirmed ICM order/counts
